Fardaws	Aimaq	fardaws-aimaq
Keegan	Murray	keegan-murray
Kofi	Cockburn	kofi-cockburn
Jake	Stephens	jake-stephens-1af
Oscar	Tshiebwe	oscar-tshiebwe
Norchad	Omier	norchad-omier
E.J.	Liddell	e-j-liddell-c82
Antoine	Davis	antoine-davis
Jamal	Cain	jamal-cain-1d6
Johni	Broome	johni-broome
Malachi	Smith	malachi-smith-b60
Orlando	Robinson	orlando-robinson-4d3
Peter	Kiss	peter-kiss-fba
Justin	Bean	justin-bean-f36
Trayce	Jackson-Davis	trayce-jackson-davis-92d
Alondes	Williams	alondes-williams-5ad
Johnny	Davis	johnny-davis
Javon	Freeman-Liberty	javon-freeman-liberty-cc7
Armando	Bacot	armando-bacot
Darius	McGhee	darius-mcghee-8da
Max	Abmas	max-abmas-f2d
Chet	Holmgren	chet-holmgren
Terrell	Brown Jr.	terrell-brown-jr-
Kenneth	Lofton Jr.	kenneth-lofton-jr-
Tanner	Holden	tanner-holden
David	Roddy	david-roddy
Ryan	Rollins	ryan-rollins
Dereon	Seabron	dereon-seabron-1af
Alex	Morales	alex-morales-4dc
Julian	Champagnie	julian-champagnie-f54
Jayveous	McKinnis	jayveous-mckinnis-9a5
Isiaih	Mosley	isiaih-mosley
Mark	Sears	mark-sears
Jalen	Slawson	jalen-slawson
Hunter	Maldonado	hunter-maldonado
Kendric	Davis	kendric-davis
MJ	Randolph	mj-randolph
Paolo	Banchero	paolo-banchero
Noah	Kirkwood	noah-kirkwood
Grant	Basile	grant-basile-947
Cameron	Young	cameron-young-0de
Colin	Castleton	colin-castleton-683
Graham	Ike	graham-ike
Hunter	Dickinson	hunter-dickinson
Jamaree	Bouyea	jamaree-bouyea-544
Cameron	Spencer	cameron-spencer
Teddy	Allen	teddy-allen-419
Ochai	Agbaji	ochai-agbaji
Christian	Koloko	christian-koloko-288
Ahsan	Asadullah	ahsan-asadullah-20c
Baylor	Scheierman	baylor-scheierman-38a
Derek	St. Hilaire	derek-st-hilaire-d24
Jahmir	Young	jahmir-young-6dc
Michael	Devoe	michael-devoe
Hayden	Brown	hayden-brown
Taevion	Kinsey	taevion-kinsey-a7b
Savion	Flagg	savion-flagg
A.J.	Plitzuweit	a-j-plitzuweit-17e
Chuba	Ohams	chuba-ohams
JD	Notae	jd-notae-f65
Jeenathan	Williams	jeenathan-williams
Drew	Pember	drew-pember
Damaria	Franklin	damaria-franklin
Darius	Lee	darius-lee
Kevin	Samuel	kevin-samuel
Trenton	Massner	trenton-massner
Tevin	Brown	tevin-brown-b0a
KJ	Williams	kj-williams-9d9
Kameron	McGusty	kameron-mcgusty-bac
Josh	Oduro	josh-oduro-af8
Chris	Ledlum	chris-ledlum-9be
Aaron	Estrada	aaron-estrada-f74
Greg	Parham	greg-parham-9fc
Khalif	Battle	khalif-battle
Fatts	Russell	fatts-russell-7cb
Ty	Gordon	ty-gordon
Bryce	Hamilton	bryce-hamilton-2f5
Jalen	Williams	jalen-williams-379
Daylen	Kountz	daylen-kountz-1ec
Grant	Sherfield	grant-sherfield
Drew	Timme	drew-timme
Sincere	Carry	sincere-carry
Essam	Mostafa	essam-mostafa
Charles	Manning Jr.	charles-manning-jr-
Tristen	Newton	tristen-newton
Adama	Sanogo	adama-sanogo
Jordan	Hall	jordan-hall-004
Omer	Yurtseven	omer-yurtseven-c4d
Sukhmail	Mathon	sukhmail-mathon
Tavian	Dunn-Martin	tavian-dunn-martin
Jalen	Cook	jalen-cook
Pete	Nance	pete-nance
Dayvion	McKnight	dayvion-mcknight
Buddy	Boeheim	buddy-boeheim
Yauhen	Massalski	yauhen-massalski-a2c
Antonio	Reeves	antonio-reeves-6e5
Iverson	Molinar	iverson-molinar-f7f
Isaiah	Mobley	isaiah-mobley
Jeriah	Horne	jeriah-horne-d28
Zack	Austin	zack-austin
Jalyn	Hinton	jalyn-hinton-9fb
Souley	Boum	souley-boum
Jalen	Moore	jalen-moore-d89
Kendal	Coleman	kendal-coleman
Eli	Scott	eli-scott-067
Jake	LaRavia	jake-laravia-0d7
Justin	Lewis	justin-lewis
John-Michael	Wright	john-michael-wright-bdc
Darrion	Trammell	darrion-trammell
E.J.	Anosike	e-j-anosike-b3f
Ray'Sean	Taylor	ray-sean-taylor
Tari	Eason	tari-eason
Isaac	Mushila	isaac-mushila
Nick	Muszynski	nick-muszynski
Terry	Roberts	terry-roberts
George	Papas	george-papas
Izaiah	Brockington	izaiah-brockington
Ryan	Kalkbrenner	ryan-kalkbrenner
Payton	Willis	payton-willis-c1f
Walker	Kessler	walker-kessler
Jabari	Smith	jabari-smith
Scotty	Pippen Jr.	scotty-pippen-jr-
Jalen	Cone	jalen-cone-5f4
Dillon	Jones	dillon-jones
Jordan	Walker	jordan-walker-c6b
Trey	Townsend	trey-townsend
Christian	Braun	christian-braun
Tyreke	Key	tyreke-key
Rocky	Kreuser	rocky-kreuser
Azar	Swain	azar-swain
Charles	Pride	charles-pride-c1a
Bennedict	Mathurin	bennedict-mathurin
Zach	Edey	zach-edey
Allonzo	Trier	allonzo-trier-9fe
Daeqwon	Plowden	daeqwon-plowden
Dylan	Painter	dylan-painter
Ryan	Davis	ryan-davis-979
Felipe	Haase	felipe-haase
Jordan	Minor	jordan-minor-5be
Bryce	Fowler	bryce-fowler-5e3
Justin	Johnson	justin-johnson-2cd
Jesse	Edwards	jesse-edwards
Neal	Quinn	neal-quinn-cda
Jaden	Ivey	jaden-ivey
Cameron	Holden	cameron-holden
Nelly	Junior Joseph	nelly-junior-joseph
Obinna	Anochili-Killen	obinna-anochili-killen
Marcus	Hammond	marcus-hammond-758
Jose	Perez	jose-perez-7a6
Amadou	Sow	amadou-sow
Joe	Bryant Jr.	joe-bryant-jr-
JT	Shumate	jt-shumate
Gaige	Prim	gaige-prim-a86
Marcus	Sasser	marcus-sasser-b6c
Lamar	Norman Jr.	lamar-norman-jr-
Tyree	Corbett	tyree-corbett
Tyler	Burton	tyler-burton-3e2
Jamison	Battle	jamison-battle
K.J.	Simon	k-j-simon
Dontarius	James	dontarius-james
Jordan	Dingle	jordan-dingle-2cf
Wendell	Moore Jr.	wendell-moore-jr-
Isaiah	Stevens	isaiah-stevens-b36
Gavin	Kensmil	gavin-kensmil-874
Luka	Brajkovic	luka-brajkovic-06a
Jordan	Usher	jordan-usher-e49
Tosan	Evbuomwan	tosan-evbuomwan-a00
Ques	Glover	ques-glover-af6
Koby	McEwen	koby-mcewen-af3
Ron	Harper Jr.	ron-harper-jr-
Jarred	Godfrey	jarred-godfrey-1ec
Ike	Nweke	ike-nweke
Jordan	Brown	jordan-brown-7ea
Omari	Moore	omari-moore
Tyler	Thomas	tyler-thomas
Jaelen	House	jaelen-house-dea
Ethan	Wright	ethan-wright-711
Posh	Alexander	posh-alexander
Keshawn	Justice	keshawn-justice-e05
David	Jones	david-jones-f50
Branden	Carlson	branden-carlson
Jaden	Shackelford	jaden-shackelford-7c1
Kaleb	Wesson	kaleb-wesson
Taz	Sherman	taz-sherman-f0f
Adrian	Delph	adrian-delph-f7d
Collin	Gillespie	collin-gillespie-d2f
Dae Dae	Grant	dae-dae-grant-b6a
Noah	Fernandes	noah-fernandes-5e5
Hyunjung	Lee	hyunjung-lee-f85
Daniel	Akin	daniel-akin-c4e
Desmond	Cambridge Jr.	desmond-cambridge-jr-
Vince	Williams Jr.	vince-williams-jr-
Johnny	Juzang	johnny-juzang-86f
Quinton	Rose	quinton-rose-33d
Enrique	Freeman	enrique-freeman
Kevin	Cross	kevin-cross-b5f
Mark	Williams	mark-williams-0f4
Madut	Akec	madut-akec-423
Steele	Venters	steele-venters-46d
Jaren	Holmes	jaren-holmes
John	Knight III	john-knight-iii
Darius	Quisenberry	darius-quisenberry-0ce
AJ	Green	aj-green-750
Kobe	Brown	kobe-brown-551
John	Hugley	john-hugley
Alex	Barcello	alex-barcello-bd1
Dwight	Wilson III	dwight-wilson-iii
Tamenang	Choh	tamenang-choh-baf
Trey	Woodbury	trey-woodbury-625
Jamarion	Sharp	jamarion-sharp
Javonte	Perkins	javonte-perkins-606
RJ	Cole	rj-cole
Grant	Golden	grant-golden-aad
Linton	Acliese	linton-acliese-c20
Robert	Carpenter	robert-carpenter-712
Deang	Deang	deang-deang
Darian	Adams	darian-adams
Tevin	Brewer	tevin-brewer
Gerrale	Gates	gerrale-gates
Jared	Rhoden	jared-rhoden-b5e
Keve	Aluma	keve-aluma-4a9
Camren	Wynter	camren-wynter
Tyler	Robertson	tyler-robertson-f3f
Troy	Green	troy-green-973
Miles	Coleman	miles-coleman
Keyontae	Johnson	keyontae-johnson-269
Jacob	Gilyard	jacob-gilyard-9d7
Andrew	Funk	andrew-funk
Tyler	Stevenson	tyler-stevenson
Josip	Vrankic	josip-vrankic-9ca
Kevin	Marfo	kevin-marfo-325
B.J.	Mack	b-j-mack-401
Trevion	Williams	trevion-williams-27e
Makhel	Mitchell	makhel-mitchell-6d0
Bryce	Morgane	bryce-morgane
Jason	Carter	jason-carter
Torrey	Patton	torrey-patton
Nikola	Maric	nikola-maric-069
Rob	Perry	rob-perry-36e
Austin	Williams	austin-williams-33f
Cameron	Henry	cameron-henry
Antonio	Daye Jr.	antonio-daye-jr-
Azuolas	Tubelis	azuolas-tubelis
Jalen	Duren	jalen-duren
Paul	Atkinson Jr.	paul-atkinson-jr-f01
Alonzo	Verge Jr.	alonzo-verge-jr-
Joe	Pridgen	joe-pridgen
Marcus	Domask	marcus-domask
Aminu	Mohammed	aminu-mohammed
Josh	Bannan	josh-bannan
Noah	Farrakhan	noah-farrakhan
Matt	Bradley	matt-bradley
Bryce	McGowens	bryce-mcgowens
Javante	McCoy	javante-mccoy-46d
Taylor	Funk	taylor-funk-dd3
Darious	Hall	darious-hall-8fb
Cameron	Tyson	cameron-tyson-c9e
Nicholas	Robinson	nicholas-robinson
Jabari	Walker	jabari-walker
Jalen	Adaway	jalen-adaway
Kamdyn	Curfman	kamdyn-curfman-bfb
Mike	Bothwell	mike-bothwell-d40
Ty	Jones	ty-jones-893
Steve	Settle III	steve-settle-iii
Ben	Vander Plas	ben-vander-plas
Moses	Flowers	moses-flowers
Nendah	Tarke	nendah-tarke
Nijel	Pack	nijel-pack
D'Moi	Hodge	d-moi-hodge
David	Azore	david-azore-7bc
Nelly	Cummings	nelly-cummings
Noah	Freidel	noah-freidel-8f4
Stephen	Clark	stephen-clark-e3b
Joe	Bamisile	joe-bamisile
Elijah	Pepper	elijah-pepper
Kahliel	Spear	kahliel-spear
Osun	Osunniyi	osun-osunniyi-2c1
Ben	Shungu	ben-shungu-8bf
Justin	Moore	justin-moore-f5a
Rylan	Bergersen	rylan-bergersen
Clifton	Moore	clifton-moore
Jamal	Bieniemy	jamal-bieniemy-414
PJ	Hall	pj-hall
Liam	Robbins	liam-robbins
Andre	Kelly	andre-kelly-d31
Santiago	Vescovi	santiago-vescovi
Evan	Taylor	evan-taylor
Maizen	Fausett	maizen-fausett
D'Shawn	Schwartz	d-shawn-schwartz-a52
Andrew	Taylor	andrew-taylor-02f
John	Meeks	john-meeks-c9b
Mike	Miles	mike-miles
Jubrile	Belo	jubrile-belo-847
Jamal	Mashburn Jr.	jamal-mashburn-jr-
Zach	Cooks	zach-cooks-374
Ronaldo	Segu	ronaldo-segu
Kyler	Edwards	kyler-edwards-dff
Jay Jay	Chandler	jay-jay-chandler
Josh	Mballa	josh-mballa-0a9
Jacob	Germany	jacob-germany-085
Jalen	Johnson	jalen-johnson-35b
Walker	Miller	walker-miller-3e4
Jalen	Rucker	jalen-rucker
Eliel	Nsoseme	eliel-nsoseme-338
Dimencio	Vaughn	dimencio-vaughn-1e2
Corey	Allen	corey-allen
Michael	Akuchie	michael-akuchie-edb
Isaiah	Wong	isaiah-wong-89b
Rayshon	Harrison	rayshon-harrison
Kevin	Davis	kevin-davis
Kyle	Foster	kyle-foster
Tyson	Jolly	tyson-jolly-6f7
Elijah	Hawkins	elijah-hawkins
Jalen	Johnson	jalen-johnson-ab9
Javon	Franklin	javon-franklin-33b
Keondre	Kennedy	keondre-kennedy
Yuri	Collins	yuri-collins-ce1
Najee	Garvin	najee-garvin-aa6
Thomas	Bell	thomas-bell-b2e
Alijah	Martin	alijah-martin
De'Monte	Buckingham	de-monte-buckingham-bb9
Jaylin	Williams	jaylin-williams-958
Jericole	Hellems	jericole-hellems-254
Foster	Loyer	foster-loyer
Dane	Goodwin	dane-goodwin
D.J.	Burns Jr.	d-j-burns-jr-
Jack	Nunge	jack-nunge-c3e
Kyle	Lofton	kyle-lofton-75e
Matthias	Tass	matthias-tass-4c2
TJ	Haws	tj-haws-f96
James	Jean-Marie	james-jean-marie-0d9
Joel	Murray	joel-murray
Donald	Carey	donald-carey
Keon	Ellis	keon-ellis
Mason	Archambault	mason-archambault
Caleb	Love	caleb-love
Tyrese	Martin	tyrese-martin
Gus	Okafor	gus-okafor
Patrick	Baldwin Jr.	patrick-baldwin-jr-
Daron	Holmes II	daron-holmes-ii
Elijah	Hutchins-Everett	elijah-hutchins-everett
Carl	Pierre	carl-pierre-acb
Jaylen	Forbes	jaylen-forbes
Tyrone	Lyons	tyrone-lyons-82f
KJ	Hunt	kj-hunt
Brad	Davison	brad-davison
Malique	Jacobs	malique-jacobs
Russell	Harrison	russell-harrison-395
Jayden	Gardner	jayden-gardner-181
Keonte	Kennedy	keonte-kennedy-c32
Eric	Ayala	eric-ayala
Damian	Dunn	damian-dunn
Gibson	Jimerson	gibson-jimerson-e3e
Will	Richardson	will-richardson-499
Tre	Williams	tre-williams-fa6
Ben	Sheppard	ben-sheppard-e43
Dwight	Murray Jr.	dwight-murray-jr-
Darius	Days	darius-days
Dhieu	Deing	dhieu-deing
Kennedy	Chandler	kennedy-chandler
Justin	Hill	justin-hill
Douglas	Wilson	douglas-wilson
Caleb	Asberry	caleb-asberry-b6e
David	Sloan	david-sloan-114
Will	Richard	will-richard
Keith	Williams	keith-williams
Collin	Welp	collin-welp
D'Maurian	Williams	d-maurian-williams
Jaelin	Llewellyn	jaelin-llewellyn-12c
Terquavion	Smith	terquavion-smith
Rienk	Mast	rienk-mast
Mikey	Dixon	mikey-dixon-633
James	Akinjo	james-akinjo
Arkel	Lamar	arkel-lamar
Moses	Wood	moses-wood-c55
Colby	Jones	colby-jones
TyTy	Washington Jr.	tyty-washington-jr-
Myles	Carter	myles-carter-d26
Travis	Evee	travis-evee-bd0
Josh	Carlton	josh-carlton-9bd
Ryan	Hawkins	ryan-hawkins
Zyon	Pullin	zyon-pullin
Kevin	Johnson	kevin-johnson
Nate	Watson	nate-watson-9a0
Bryson	Mozone	bryson-mozone-333
Bernardo	da Silva	bernardo-da-silva-2b5
Elijah	Ford	elijah-ford-c61
Sir'Jabari	Rice	sir-jabari-rice
Boo	Buie	boo-buie-c84
Sy	Chatman	sy-chatman-62f
Abu	Kigab	abu-kigab-02b
Davonte	Gaines	davonte-gaines-4ea
Malik	Miller	malik-miller-915
Race	Thompson	race-thompson-69a
Ben	Krikke	ben-krikke-565
Ezra	Manjon	ezra-manjon-483
Jahvon	Quinerly	jahvon-quinerly-7ba
A.J.	Walker	a-j-walker
Jaime	Jaquez Jr.	jaime-jaquez-jr-
Setric	Millner Jr.	setric-millner-jr-
Taran	Armstrong	taran-armstrong
Aaron	Clarke	aaron-clarke-f92
Ledarrius	Brewer	ledarrius-brewer-0e8
Jarkel	Joiner	jarkel-joiner
Jayden	Martinez	jayden-martinez
Brendan	Barry	brendan-barry-0d0
Tolu	Smith	tolu-smith-c5c
Cole	Swider	cole-swider-10f
Justyn	Mutts	justyn-mutts
Alex	Hunter	alex-hunter
Cliff	Omoruyi	cliff-omoruyi
Anthony	Roberts	anthony-roberts-557
Desi	Sills	desi-sills-b19
James	Bishop	james-bishop-98b
Markquis	Nowell	markquis-nowell-715
Jalen	Pickett	jalen-pickett-e4d
Marcellus	Earlington	marcellus-earlington-4ee
Jawaun	Newton	jawaun-newton
Nick	Guadarrama	nick-guadarrama
Devante	Carter	devante-carter
Silvio	De Sousa	silvio-de-sousa
Takal	Molson	takal-molson-a1a
Marcus	Weathers	marcus-weathers-79e
Rudi	Williams	rudi-williams
Amorie	Archibald	amorie-archibald
Joseph	Girard III	joseph-girard-iii
Isaiah	Wilkins	isaiah-wilkins-4eb
R.J.	Davis	r-j-davis
Tucker	Devries	tucker-devries
Timmy	Allen	timmy-allen
Kevion	Nolan	kevion-nolan
Hunter	Marks	hunter-marks
Tanner	Groves	tanner-groves-3c8
Vince	Cole	vince-cole
Jaylin	Andrews	jaylin-andrews-e6e
Camren	Hunter	camren-hunter
Payton	Sparks	payton-sparks
Andre	Jones	andre-jones-471
Eric	Reed Jr.	eric-reed-jr-
Jaylen	Sims	jaylen-sims
Kruz	Perrott-Hunt	kruz-perrott-hunt-182
Jordan	Gainey	jordan-gainey
Jahlil	Jenkins	jahlil-jenkins
Josh	Anderson	josh-anderson-0ad
Shamar	Givance	shamar-givance
Brady	Manek	brady-manek-e6a
David	Collins	david-collins-09c
Sam	Griffin	sam-griffin-f0b
Sam	Vinson	sam-vinson
Jacob	Ognacevic	jacob-ognacevic
Michael	Forrest	michael-forrest-977
Tyler	Cochran	tyler-cochran-685
Charlie	Yoder	charlie-yoder
RayJ	Dennis	rayj-dennis-fa2
Kris	Bankston	kris-bankston-c87
Jermaine	Marshall	jermaine-marshall
Colton	Sandage	colton-sandage
Demetric	Horton	demetric-horton
Darlinstone	Dubar	darlinstone-dubar
Lance	Jones	lance-jones
Ramiir	Dixon-Conover	ramiir-dixon-conover-a4f
Marcus	Bingham Jr.	marcus-bingham-jr-
Paul	Scruggs	paul-scruggs-f9a
Neftali	Alvarez	neftali-alvarez-5b7
Blake	Wesley	blake-wesley
Max	Klesmit	max-klesmit
Cooper	Neese	cooper-neese
Trey	Calvin	trey-calvin
Jairus	Hamilton	jairus-hamilton
Garrett	Sturtz	garrett-sturtz-289
David	Jean-Baptiste	david-jean-baptiste
Charlie	Moore	charlie-moore
Walter	Whyte	walter-whyte
Chris	Youngblood	chris-youngblood
Aaryn	Rai	aaryn-rai-6d3
Dequan	Morris	dequan-morris
Hall	Elisias	hall-elisias
Jimmy	Boeheim	jimmy-boeheim-53b
Jawaun	Daniels	jawaun-daniels-840
Ricardo	Wright	ricardo-wright
Wendell	Green Jr.	wendell-green-jr-
Ricky	Lindo Jr.	ricky-lindo-jr-
Mekhi	Lairy	mekhi-lairy-1ea
Will	Carius	will-carius
Jameer	Nelson Jr.	jameer-nelson-jr-
Keshawn	Williams	keshawn-williams
De'Vondre	Perry	de-vondre-perry
Sam	Griesel	sam-griesel
Malik	Williams	malik-williams-af1
Kalu	Ezikpe	kalu-ezikpe
Justice	Hill	justice-hill
Drew	Peterson	drew-peterson-3e3
Phillip	Russell	phillip-russell
Mark	Smith	mark-smith-2ef
John	Harrar	john-harrar
DeAndre	Gholston	deandre-gholston-1cf
Adrian	Baldwin Jr.	adrian-baldwin-jr-
Jules	Bernard	jules-bernard
Manny	Bates	manny-bates-cd2
Bryce	Aiken	bryce-aiken-532
Kassim	Nicholson	kassim-nicholson-525
Jordan	Ivy-Curry	jordan-ivy-curry
Lucas	Williamson	lucas-williamson
Chris	Austin	chris-austin-4f5
Chris	Doherty	chris-doherty
Christiaan	Jones	christiaan-jones
Tevian	Jones	tevian-jones-cdd
Nana	Opoku	nana-opoku
Tylor	Perry	tylor-perry
Nysier	Brooks	nysier-brooks-9d9
Shawn	Williams	shawn-williams-8ba
Blondeau	Tchoukuiegno	blondeau-tchoukuiegno
Paul	Bruns	paul-bruns
Jesse	Zarzuela	jesse-zarzuela
Alfonso	Plummer	alfonso-plummer
Trent	Frazier	trent-frazier
Darryl	Morsell	darryl-morsell-d63
Noah	Horchler	noah-horchler-ffb
Kane	Williams	kane-williams-4b1
Grayson	Murphy	grayson-murphy-90e
Noel	Coleman	noel-coleman
Darius	Burford	darius-burford
Paul	Atkinson Jr.	paul-atkinson-jr-
Cedric	Henderson Jr.	cedric-henderson-jr-
James	Butler	james-butler-9c7
Patrick	Emilien	patrick-emilien-1b1
Seth	Lundy	seth-lundy
Makai	Ashton-Langford	makai-ashton-langford-4b8
Tyreek	Scott-Grayson	tyreek-scott-grayson-217
Devontae	Blanton	devontae-blanton
Kobe	King	kobe-king-8bc
Vado	Morse	vado-morse-230
Jerome	Desrosiers	jerome-desrosiers-961
Isiah	Small	isiah-small-6ea
Trent	Buttrick	trent-buttrick-5a0
Jordan	Wright	jordan-wright
Jalen	Ray	jalen-ray
Xavier	Bishop	xavier-bishop-287
Alex	O'Connell	alex-o-connell
John	Carter Jr.	john-carter-jr-
Terrell	Burden	terrell-burden
Max	Fiedler	max-fiedler-23c
Nicolas	Timberlake	nicolas-timberlake-f85
Fatts	Russell	fatts-russell
Ethan	Taylor	ethan-taylor
Jamison	Overton	jamison-overton
RJ	Glasper	rj-glasper
Jalen	Benjamin	jalen-benjamin-283
Nico	Galette	nico-galette
Andre	Screen	andre-screen
Matt	Balanc	matt-balanc-3ed
Sviatoslav	Mykhailiuk	sviatoslav-mykhailiuk-QWm
Julian	Strawther	julian-strawther
Trevante	Anderson	trevante-anderson-760
Tykei	Greene	tykei-greene-0f9
Harrison	Ingram	harrison-ingram
Donta	Scott	donta-scott-c0a
Jesus	Carralero	jesus-carralero-e9d
Dimitrius	Underwood	dimitrius-underwood-8f1
Jose	Placer	jose-placer-6aa
Alphonso	Anderson	alphonso-anderson-9bf
Nikola	Djogo	nikola-djogo-86b
Tucker	Richardson	tucker-richardson-804
Josh	Caldwell	josh-caldwell-546
Braelen	Bridges	braelen-bridges-91e
Brandon	Horvath	brandon-horvath
Xavier	Castaneda	xavier-castaneda-f24
Chevez	Goodwin	chevez-goodwin-833
Jayden	Saddler	jayden-saddler
Juan	Munoz	juan-munoz-ea5
Jacob	Falko	jacob-falko
Austin	Trice	austin-trice-97e
DeAndre	Williams	deandre-williams
Gabe	Brown	gabe-brown-08c
Rasheem	Dunn	rasheem-dunn
KC	Ndefo	kc-ndefo
Lance	Terry	lance-terry-104
Shavar	Reynolds	shavar-reynolds-834
Lance	Coleman II	lance-coleman-ii
Makhi	Mitchell	makhi-mitchell
Jordan	King	jordan-king-2e8
Jao	Ituka	jao-ituka
Malevy	Leons	malevy-leons
Dalonte	Brown	dalonte-brown
Michael	Flowers	michael-flowers-7b7
Fabian	White Jr.	fabian-white-jr-
Quan	Jackson	quan-jackson-734
Ben	Wight	ben-wight-61f
Cory	Hightower	cory-hightower-84f
Dre	Marin	dre-marin-934
Antonio	Madlock	antonio-madlock
Kimani	Lawrence	kimani-lawrence-3de
Theo	Akwuba	theo-akwuba
Alimamy	Koroma	alimamy-koroma-522
Tae	Hardy	tae-hardy
Josh	Jefferson	josh-jefferson-1ef
Ejike	Obinna	ejike-obinna-ee1
Jeremiah	Davenport	jeremiah-davenport-6f1
Quenton	Jackson	quenton-Jackson
Quenton	Jackson	quenton-jackson
Isaih	Moore	isaih-moore
Donovan	Williams	donovan-williams-047
Joe	French	joe-french-25c
Isaiah	Palermo	isaiah-palermo
Bryson	Williams	bryson-williams
Warith	Alatishe	warith-alatishe
Marquis	Eaton	marquis-eaton-a3b
Isaiah	Powell	isaiah-powell-b13
Dante	Harris	dante-harris
Mike	Okauru	mike-okauru-422
Bodie	Hume	bodie-hume-693
Darius	Perry	darius-perry-4c7
Noah	Carter	noah-carter-e38
Sahvir	Wheeler	sahvir-wheeler-fa0
Russell	Dean	russell-dean
Max	Brooks	max-brooks
Travion	McCray	travion-mccray
Caleb	Mills	caleb-mills-052
Jeameril	Wilson	jeameril-wilson
Evan	Gilyard II	evan-gilyard-ii
Kevin	McCullar	kevin-mccullar
Christian	Shumate	christian-shumate
Christian	Anigwe	christian-anigwe-6a7
Terrell	Brown	terrell-brown-c37
Jontay	Porter	jontay-porter
Carlos	Marshall Jr.	carlos-marshall-jr-
C.J.	Keyser	c-j-keyser
Francis	Okoro	francis-okoro-863
Kino	Lilly Jr.	kino-lilly-jr-
Zach	Chappell	zach-chappell-da9
Luka	Barisic	luka-barisic
Jamarius	Burton	jamarius-burton
Tyson	Etienne	tyson-etienne-799
Al	Durham	al-durham
Elijah	McCadden	elijah-mccadden-9db
Ali	Ali	ali-ali-290
Jason	Roche	jason-roche
Vance	Jackson	vance-jackson
Jalon	Pipkins	jalon-pipkins-f25
Glynn	Watson	glynn-watson-d81
Angelo	Allegri	angelo-allegri-238
Jordan	Shepherd	jordan-shepherd
Jannson	Williams	jannson-williams
Xavier	Bledson	xavier-bledson
Mike	Jones	mike-jones-c64
Kevin	Easley	kevin-easley-5a6
Ta'lon	Cooper	ta-lon-cooper-43a
Geo	Baker	geo-baker-ba1
Jackson	Stormo	jackson-stormo-805
Thomas	Kithier	thomas-kithier-81e
Tajion	Jones	tajion-jones
Jahsean	Corbett	jahsean-corbett
Malachi	Smith	malachi-smith
Marques	Warrick	marques-warrick
Callum	McRae	callum-mcrae-eea
Marcus	Shaver Jr.	marcus-shaver-jr-
Michael	Cubbage	michael-cubbage
Trevor	Keels	trevor-keels
Leon	Ayers III	leon-ayers-iii
Garrett	Hicks	garrett-hicks-f2d
Stacy	Beckton Jr.	stacy-beckton-jr-
Dwayne	Cohill	dwayne-cohill
Austin	Butler	austin-butler-52f
Kur	Jongkuch	kur-jongkuch
Monty	Scott	monty-scott
Winston	Hill	winston-hill
Airion	Simmons	airion-simmons-7f4
Colby	Rogers	colby-rogers-5c0
Tyler	Wahl	tyler-wahl-4e6
Grant	Nelson	grant-nelson
Ralph	Bissainthe	ralph-bissainthe-475
Ibrahima	Diallo	ibrahima-diallo-937
Kevin	Anderson	kevin-anderson-40d
Josiah	Allick	josiah-allick-3ee
Nik	Mains	nik-mains-508
Taj	Benning	taj-benning
Adam	Flagler	adam-flagler-a86
Jordyn	Adams	jordyn-adams-7fc
Joe	Reece	joe-reece-55b
Andrew	Nembhard	andrew-nembhard
Brendan	Medley-Bacon	brendan-medley-bacon-ace
Tyger	Campbell	tyger-campbell
Trace	Young	trace-young
Marvin	Nesbitt Jr.	marvin-nesbitt-jr-
Seikou	Sisoho Jawara	seikou-sisoho-jawara-e04
Shaquille	Walters	shaquille-walters
Erik	Stevenson	erik-stevenson-d48
Justin	Harmon	justin-harmon
Marcus	Watson	marcus-watson-c19
Tyrone	Perry	tyrone-perry-2a3
KJ	Buffen	kj-buffen
Xavier	Fuller	xavier-fuller
Wynston	Tabbs	wynston-tabbs-705
Holland	Woods	holland-woods
Khalid	Thomas	khalid-thomas-094
Pierce	Spencer	pierce-spencer
Anthony	Polite	anthony-polite-1e3
Michael	Graham	michael-graham-de4
Efe	Odigie	efe-odigie-708
Toumani	Camara	toumani-camara
DJ	Horne	dj-horne-3b2
Brandon	Brown	brandon-brown-309
Supreme	Cook	supreme-cook
Xander	Rice	xander-rice-25a
Johnny	Hughes III	johnny-hughes-iii
Sadaidriene	Hall	sadaidriene-hall
Dominick	Welch	dominick-welch
Jr.	Clay	jr-clay
Kareem	Reid	kareem-reid-fa5
Josh	Cohen	josh-cohen-f54
Liam	Murphy	liam-murphy
Caleb	Stone-Carrawell	caleb-stone-carrawell-dac
Rich	Kelly	rich-kelly-b82
Dominik	Fragala	dominik-fragala
K.D.	Johnson	k-d-johnson
Cam	Christon	cam-christon-f3f
Tevin	Olison	tevin-olison
Connor	Kochera	connor-kochera
Nate	Laszewski	nate-laszewski-f71
Ryan	Nembhard	ryan-nembhard
Donovan	Ivory	donovan-ivory-2f9
Geronimo	Rubio De La Rosa	geronimo-rubio-de-la-rosa
Will	Martinez	will-martinez-12d
Precious	Ayah	precious-ayah
Ricky	Council IV	ricky-council-iv
Ty	Brewer	ty-brewer-076
Tyrese	Hunter	tyrese-hunter
Jailyn	Ingram	jailyn-ingram
Warren	Washington	warren-washington-c4d
Will	Baker	will-baker-400
Raekwon	Rogers	raekwon-rogers-7fb
LJ	Cryer	lj-cryer
Parker	Braun	parker-braun-695
Matt	Johnson II	matt-johnson-ii
Riley	Grigsby	riley-grigsby-100
Drew	Tennial	drew-tennial
Jordan	Cintron	jordan-cintron
Micah	Parrish	micah-parrish
Brandon	Rush	brandon-rush-5b3
Vonterius	Woolbright	vonterius-woolbright
Savion	Lewis	savion-lewis-30b
Derrick	Walker	derrick-walker-b95
Kyrell	Luc	kyrell-luc
Kario	Oquendo	kario-oquendo
Elijah	Joiner	elijah-joiner
Joe	Quintana	joe-quintana-a3e
Jamel	Horton	jamel-horton
Jack	Ferguson	jack-ferguson-331
Sasha	Stefanovic	sasha-stefanovic-e0e
Coreyoun	Rushin	coreyoun-rushin-9ff
Boogie	Ellis	boogie-ellis
C.J.	Roberts	c-j-roberts-c05
Ali Abdou	Dibba	ali-abdou-dibba
Isaiah	Crawford	isaiah-crawford-fbb
Conley	Garrison	conley-garrison
Aaron	Cook	aaron-cook-2a0
Royce	Hamm Jr.	royce-hamm-jr-
Keon	Clergeot	keon-clergeot-5c9
Dylan	Robertson	dylan-robertson
Dylan	O'Hearn	dylan-o-hearn
Henry	Coleman III	henry-coleman-iii
Logan	Dye	logan-dye
Andre	Jackson	andre-jackson-a23
Khalil	Shabazz	khalil-shabazz-e57
Fousseyni	Traore	fousseyni-traore
Chase	Johnston	chase-johnston
Michael	Weathers	michael-weathers
Myles	Lewis	myles-lewis-ecc
Calvin	Solomon	calvin-solomon
Daivien	Williamson	daivien-williamson-c16
James	Glisson III	james-glisson-iii
Aboubacar	Traore	aboubacar-traore
Emmanuel	Ansong	emmanuel-ansong
Emanuel	Miller	emanuel-miller
Jaylin	Hunter	jaylin-hunter-ab0
Kendall	Lewis	kendall-lewis-10d
Reece	Beekman	reece-beekman
Ryan	Langborg	ryan-langborg-ddc
Carvell	Teasett	carvell-teasett
Connor	Harding	connor-harding-682
Josiah	Strong	josiah-strong-59c
Carter	Hendricksen	carter-hendricksen
Xavier	Pinson	xavier-pinson
Miryne	Thomas	miryne-thomas
Gabe	Watson	gabe-watson-f0a
Jalen	Gabbidon	jalen-gabbidon
Eric	Gaines	eric-gaines
Jarod	Lucas	jarod-lucas-432
Au'Diese	Toney	au-diese-toney-46e
Amari	Williams	amari-williams
Markeese	Hastings	markeese-hastings-5e5
Xavier	Johnson	xavier-johnson-747
Dylan	Addae-Wusu	dylan-addae-wusu
Kyle	Jenkins	kyle-jenkins
Daeshun	Ruffin	daeshun-ruffin
Jermaine	Samuels	jermaine-samuels
Darin	Green Jr.	darin-green-jr-
Jeremiah	Williams	jeremiah-williams
Hunter	Tyson	hunter-tyson
Shykeim	Phillips	shykeim-phillips-54e
David	DeJulius	david-dejulius-ee8
Jalen	Hawkins	jalen-hawkins-514
Morris	Udeze	morris-udeze-564
Kris	Murray	kris-murray
Randall	Brumant	randall-brumant
Trey	Bonham	trey-bonham
Andrei	Savrasov	andrei-savrasov-f34
J.P.	Moorman II	j-p-moorman-ii
Tre	Armstrong	tre-armstrong
Ryan	Larson	ryan-larson-9b8
Garrison	Brooks	garrison-brooks-e0e
Dominick	Pickett	dominick-pickett
Eli	Brooks	eli-brooks-f77
Shaun	Doss Jr.	shaun-doss-jr-
Cyrus	Largie	cyrus-largie
Mike	Meadows	mike-meadows
Mouhamadou	Gueye	mouhamadou-gueye-3e4
Jalen	Gibbs	jalen-gibbs-3b4
Kellon	Taylor	kellon-taylor-af9
Ithiel	Horton	ithiel-horton-13d
Umoja	Gibson	umoja-gibson
Sam	Sessoms	sam-sessoms
Donovan	Gregory	donovan-gregory-67e
Malik	Osborne	malik-osborne
DeeJuan	Pruitt	deejuan-pruitt
Colin	Slater	colin-slater-d57
Mezie	Offurum	mezie-offurum
Drake	Jeffries	drake-jeffries
Skyelar	Potter	skyelar-potter
Sean	McNeil	sean-mcneil
Ryan	Allen	ryan-allen-af2
Tyree	Eady	tyree-eady
Demaree	King	demaree-king
Evan	Battey	evan-battey
Ebrima	Dibba	ebrima-dibba-a9a
Justin	Amadi	justin-amadi
Carson	Towt	carson-towt
Anthony	Holland	anthony-holland-513
LJ	Thorpe	lj-thorpe
Noah	Williams	noah-williams-76a
Nigel	Scantlebury	nigel-scantlebury
Shakeel	Moore	shakeel-moore
Brandon	Huffman	brandon-huffman-711
Jan	Zidek	jan-zidek-be7
Tyree	Appleby	tyree-appleby
Josh	Odunowo	josh-odunowo
Caleb	Hunter	caleb-hunter-38e
Trevon	Faulkner	trevon-faulkner-70d
Gethro	Muscadin	gethro-muscadin
Brandon	Betson	brandon-betson
Tra'Michael	Moton	tra-michael-moton
Emmanuel	Akot	emmanuel-akot
Nathan	Mensah	nathan-mensah-282
Kendall	Brown	kendall-brown
Trey	Jemison	trey-jemison-74d
Jahmyl	Telfort	jahmyl-telfort
Patrick	Mwamba	patrick-mwamba-c04
Nika	Metskhvarishvili	nika-metskhvarishvili
Ronell	Giles Jr.	ronell-giles-jr-
Drew	Lutz	drew-lutz
Denver	Jones	denver-jones
Hunter	Cattoor	hunter-cattoor
Damion	Baugh	damion-baugh-87a
Brandon	Johnson	brandon-johnson
Greg	Summers	greg-summers-df6
Caleb	Murphy	caleb-murphy
Mustapha	Heron	mustapha-heron-7fd
AJ	Bramah	aj-bramah-57d
Dom	London	dom-london
Bryce	Williams	bryce-williams-e0d
Chase	Audige	chase-audige
James	Lee	james-lee
Sheldon	Edwards	sheldon-edwards
C.J.	Kelly	c-j-kelly-8b2
Brandon	Suggs	brandon-suggs-358
Jake	Wojcik	jake-wojcik
Trendon	Hankerson	trendon-hankerson-e2a
Donovan	Clay	donovan-clay-561
Michael	Moreno	michael-moreno
Jalen	Hill	jalen-hill-de3
Reyne	Smith	reyne-smith
Dameane	Douglas	dameane-douglas
Tre	Gomillion	tre-gomillion-c3d
Caleb	Fuller	caleb-fuller
KK	Curry	kk-curry-5c9
Brandon	Mahan	brandon-mahan
De'Von	Cooper	de-von-cooper
Nate	Heise	nate-heise
Javon	Greene	javon-greene-c2d
Ricky	Clemons	ricky-clemons-48e
Charles	Thompson	charles-thompson
Justin	Thomas	justin-thomas-da4
Jordan	Whitfield	jordan-whitfield-761
Justin	Roberts	justin-roberts-e25
Cooper	Robb	cooper-robb-42d
Femi	Odukale	femi-odukale
Ryan	Moffatt	ryan-moffatt
Dashawn	Davis	dashawn-davis
Justin	Wright	justin-wright
Braden	Norris	braden-norris-429
Gerald	Liddell	gerald-liddell
Te'Jon	Lucas	te-jon-lucas-d59
Abayomi	Iyiola	abayomi-iyiola-ab9
Mekhi	Long	mekhi-long-fb2
Randy	Miller Jr.	randy-miller-jr-
Elijah	Hardy	elijah-hardy-224
Junior	Madut	junior-madut
Keegan	Records	keegan-records-310
Eric	Dixon	eric-dixon
Grant	Anticevich	grant-anticevich-e71
Deante	Johnson	deante-johnson-87e
Enoch	Cheeks	enoch-cheeks
Galen	Alexander	galen-alexander
E.J.	Stephens	e-j-stephens-3bd
Tamell	Pearson	tamell-pearson
Damari	Milstead	damari-milstead-ac5
Dylan	van Eyck	dylan-van-eyck-60b
Kerr	Kriisa	kerr-kriisa-5b6
Bryce	Moragne	bryce-moragne
Alexis	Yetna	alexis-yetna
Amin	Adamu	amin-adamu-9c0
Andrew	Carr	andrew-carr
Trae	Hannibal	trae-hannibal-e9e
Tommy	Kuhse	tommy-kuhse
Koreem	Ozier	koreem-ozier-ab6
Donovan	Sims	donovan-sims-99f
Miles	Norris	miles-norris
Armon	Harried	armon-harried-17b
Anthony	Gaines	anthony-gaines-bc3
Anthony	Duruji	anthony-duruji
Da'Shawn	Phillip	da-shawn-phillip
Bryce	McBride	bryce-mcbride
Terrence	Shannon Jr.	terrence-shannon-jr-
Jordan	Miller	jordan-miller-2a4
Matthew	Mayer	matthew-mayer-c9f
Luke	Bumbalough	luke-bumbalough
Zay	Williams	zay-williams
Lagio	Grantsaan	lagio-grantsaan
Flynn	Cameron	flynn-cameron-234
Justin	Edler-Davis	justin-edler-davis-4dc
Jacob	Young	jacob-young-c30
Avery	Anderson III	avery-anderson-iii
Phlandrous	Fleming Jr.	phlandrous-fleming-jr-
Evan	Clayborne	evan-clayborne
David	Kachelries	david-kachelries
Tremell	Murphy	tremell-murphy
Tahlik	Chavez	tahlik-chavez
Cedrick	Alley Jr.	cedrick-alley-jr-
Jeremy	Sheppard	jeremy-sheppard
Andre	Curbelo	andre-curbelo
Jaden	Campbell	jaden-campbell
Al-Amir	Dawes	al-amir-dawes-317
Roti	Ware	roti-ware-d4c
Jeremiah	Bailey	jeremiah-bailey-b3b
Mike	Adewunmi	mike-adewunmi-e85
John	Walker III	john-walker-iii
Justyn	Hamilton	justyn-hamilton-41f
Tevin	Smith	tevin-smith
Emmitt	Matthews Jr.	emmitt-matthews-jr-
Micah	Thomas	micah-thomas-3bd
John	Square Jr.	john-square-jr-
Jamal	Shead	jamal-shead
Marek	Nelson	marek-nelson-997
Coryon	Mason	coryon-mason
Daniel	Ortiz	daniel-ortiz
Mikey	Watkins	mikey-watkins-7db
Kobe	Julien	kobe-julien-0c5
DeShang	Weaver	deshang-weaver-dd7
Michael	Green III	michael-green-iii
Hakim	Hart	hakim-hart-780
Marko	Lukic	marko-lukic-fbe
Demonte	Flannigan	demonte-flannigan
Hunter	McIntosh	hunter-mcintosh-409
Matt	Cerruti	matt-cerruti
Reed	Nottage	reed-nottage-48d
Kalil	Thomas	kalil-thomas-dfd
DeMarr	Langford Jr.	demarr-langford-jr-
Terrion	Murdix	terrion-murdix
Tim	Finke	tim-finke
Armaan	Franklin	armaan-franklin-718
JD	Davison	jd-davison
Melik	Martin	melik-martin-768
Abdul	Mohamed	abdul-mohamed-429
Eric	Curry	eric-curry
Zion	Griffin	zion-griffin-cce
Jeremy	Sochan	jeremy-sochan
Keion	Brooks Jr.	keion-brooks-jr-
Tray	Hollowell	tray-hollowell-aa4
Keaston	Willis	keaston-willis-19c
Tariq	Ingraham	tariq-ingraham
Dontavius	King	dontavius-king-c74
Ant	Nelson	ant-nelson
Joirdon Karl	Nicholas	joirdon-karl-nicholas
Ty	Rowell	ty-rowell
De'Torrion	Ware	de-torrion-ware
T.J.	Bickerstaff	t-j-bickerstaff-49c
Patrick	Good	patrick-good-27d
Gabe	McGlothan	gabe-mcglothan
Clyde	Trapp	clyde-trapp
Will	Pruitt	will-pruitt
David	McCormack	david-mccormack
Rashad	Smith	rashad-smith-e24
Jaden	House	jaden-house
Jordan	Jones	jordan-jones
Malik	Hall	malik-hall-001
Marcus	Garrett	marcus-garrett-3ab
Sean	Conway	sean-conway-b69
Ryghe	Lyons	ryghe-lyons-699
Robert	Ford III	robert-ford-iii
Cameron	Parker	cameron-parker-394
Jack	Clark	jack-clark
Cobe	Williams	cobe-williams-2a2
Bryan	Greenlee	bryan-greenlee-6c0
Marcus	Fitzgerald Jr.	marcus-fitzgerald-jr-
Malek	Green	malek-green-7fa
Logan	Johnson	logan-johnson
Kellan	Grady	kellan-grady
Caleb	Houstan	caleb-houstan
Ahsante	Shivers	ahsante-shivers
Jacob	Grandison	jacob-grandison
Jason	Gibson	jason-gibson-dc8
Jalen	Jordan	jalen-jordan-183
Myron	Gordon	myron-gordon
Jacob	Davison	jacob-davison-186
Atin	Wright	atin-wright
Tedrick	Wilcox Jr.	tedrick-wilcox-jr-
D.J.	Jeffries	d-j-jeffries-324
Sean	Price	sean-price-15d
Amir	Spears	amir-spears
Brice	Williams	brice-williams
Jalen	Wilson	jalen-wilson
Vincent	Lee	vincent-lee-b3f
Devon	Dunn	devon-dunn-307
Marco	Anthony	marco-anthony-0a7
Clevon	Brown	clevon-brown
Lenell	Henry	lenell-henry-dce
Tasos	Kamateros	tasos-kamateros
Cam	Jones	cam-jones-4f5
Houston	Mallette	houston-mallette
Spencer	Rodgers	spencer-rodgers-5fc
Jonathan	Tchamwa Tchatchoua	jonathan-tchamwa-tchatchoua
Robby	Beasley III	robby-beasley-iii
Stanley	Umude	stanley-umude
Myron	Gardner	myron-gardner-fbf
Tyrece	Radford	tyrece-radford
Maurice	Commander	maurice-commander-881
Trevian	Tennyson	trevian-tennyson
Anton	Watson	anton-watson
Terry	Nolan Jr.	terry-nolan-jr-
Jermaine	Jackson Jr.	jermaine-jackson-jr-
Kevion	Taylor	kevion-taylor
Malachi	Branham	malachi-branham
Kareem	Thompson	kareem-thompson
Myles	Thompson	myles-thompson-caa
D'Rell	Roberts	d-rell-roberts
Isaiah	Bigelow	isaiah-bigelow-170
Nick	Ongenda	nick-ongenda
Moussa	Diabate	moussa-diabate
Quincy	Olivari	quincy-olivari-e6d
Mike	Mitchell Jr.	mike-mitchell-jr-
Kylen	Milton	kylen-milton
Kaiden	Rice	kaiden-rice
Caleb	Fields	caleb-fields-e77
Tarik	Cool	tarik-cool
Chuck	O'Bannon Jr.	chuck-o-bannon-jr-
Deantoni	Gordon	deantoni-gordon
Roman	Penn	roman-penn-881
Ja'Shon	Henry	ja-shon-henry-d9f
Kamari	Brown	kamari-brown
Quinlan	Bennett	quinlan-bennett
PJ	Pipes	pj-pipes
Isaiah	Whaley	isaiah-whaley-5fa
Davonte	Davis	davonte-davis
Devante	Jones	devante-jones
Max	Christie	max-christie
Tre	Mitchell	tre-mitchell-f6a
Kayne	Henry	kayne-henry-b32
Dexter	Dennis	dexter-dennis
Keishawn	Davidson	keishawn-davidson
Tramon	Mark	tramon-mark
De'Vion	Harmon	de-vion-harmon-414
Patrick	McCaffery	patrick-mccaffery-eab
Davion	Buster	davion-buster
Mamoudou	Diarra	mamoudou-diarra
Rylan	Jones	rylan-jones-541
Jarron	Coleman	jarron-coleman-add
Kevin	Obanor	kevin-obanor-072
Oscar	Lopez Jr.	oscar-lopez-jr-
Nate	Johnson	nate-johnson
Felix	Lemetti	felix-lemetti-d60
Tariq	Silver	tariq-silver
Vukasin	Masic	vukasin-masic
N'Faly	Dante	n-faly-dante-84c
Kihei	Clark	kihei-clark-2ae
A.J.	Taylor	a-j-taylor-861
Jordan	Goldwire	jordan-goldwire-be0
Trey	Sampson	trey-sampson
Kejuan	Clements	kejuan-clements
Leslie	Nkereuwem	leslie-nkereuwem
Daryl	Banks III	daryl-banks-iii
Ethan	Price	ethan-price
Tyler	Kolek	tyler-kolek
Shamar	Wright	shamar-wright-d77
Duke	Deen	duke-deen
Maxwell	Lewis	maxwell-lewis
Chris	Harris	chris-harris-355
James	Reese V	james-reese-v
Antrell	Charlton	antrell-charlton
Jamari	Blackmon	jamari-blackmon
Jaiden	Delaire	jaiden-delaire-c8e
Messiah	Jones	messiah-jones
Isaac	Likekele	isaac-likekele
Marcus	Carr	marcus-carr-5e1
Matthew	Cleveland	matthew-cleveland
Maxwell	Land	maxwell-land
Josh	Morgan	josh-morgan
Brison	Gresham	brison-gresham-0e3
Trey	Anderson	trey-anderson-b85
Kyle	Young	kyle-young
Matt	Rogers	matt-rogers
Jalen	Cobb	jalen-cobb-460
William	Douglas	william-douglas
Johnny	O'Neil	johnny-o-neil
Bryce	Nze	bryce-nze
Luka	Sakota	luka-sakota-66d
Christian	Hinckson	christian-hinckson-911
Andrew	Jones	andrew-jones-c92
Braxton	Beverly	braxton-beverly
Rob	Higgins	rob-higgins
Max	Martz	max-martz
Adrian	Nelson	adrian-nelson-9d2
Ziggy	Reid	ziggy-reid
Taze	Moore	taze-moore-640
Olivier	Nkamhoua	olivier-nkamhoua
Garrett	Covington	garrett-covington-769
Charles	Falden	charles-falden-709
Evan	Battey	evan-battey-02d
Ben	Coupet Jr.	ben-coupet-jr-
Keeshawn	Barthelemy	keeshawn-barthelemy
Eli	Lawrence	eli-lawrence
Cheikh	Faye	cheikh-faye
Nighael	Ceaser	nighael-ceaser
Jalen	Finch	jalen-finch
Kadary	Richmond	kadary-richmond
Jalen	Bridges	jalen-bridges
C.J.	Walker	c-j-walker
Kasen	Harrison	kasen-harrison
Anderson	Kopp	anderson-kopp
Davion	Warren	davion-warren
Omar	Silverio	omar-silverio-79a
Mladen	Armus	mladen-armus-c5f
Mahki	Morris	mahki-morris
Ra	Kpedi	ra-kpedi-587
Dezi	Jones	dezi-jones
Quinten	Post	quinten-post-763
Rasir	Bolton	rasir-bolton
Lamont	Butler	lamont-butler
C.J.	Brim	c-j-brim
Ra'Heim	Moss	ra-heim-moss
Alex	Ducas	alex-ducas-cbc
Kaleb	Thornton	kaleb-thornton
Zeke	Mayo	zeke-mayo
Chris	Manon	chris-manon
Spencer	Jones	spencer-jones
Adham	Eleeda	adham-eleeda
Osayi	Osifo	osayi-osifo
Zion	Styles	zion-styles
Jacco	Fritz	jacco-fritz
Judson	Martindale	judson-martindale
Shiloh	Robinson	shiloh-robinson
Collin	Cooper	collin-cooper-8ad
Johnny	McCants	johnny-mccants-932
Brion	Whitley	brion-whitley-58b
Nygal	Russell	nygal-russell
Devin	Gordon	devin-gordon
Nate	Scott	nate-scott
Ahamadou	Fofana	ahamadou-fofana
Cameron	Wilbon	cameron-wilbon-8d6
Kris	Monroe	kris-monroe-45f
Malik	Jefferson	malik-jefferson
Jordan	Nesbitt	jordan-nesbitt
Montez	Mathis	montez-mathis
Matthew	Murrell	matthew-murrell
Dru	Kuxhausen	dru-kuxhausen-d52
Nathaniel	Pollard Jr.	nathaniel-pollard-jr-
Brenden	Tucker	brenden-tucker-204
Ajare	Sanni	ajare-sanni-8d0
Brandon	Murray	brandon-murray
Wildens	Leveque	wildens-leveque-ad3
Efe	Abogidi	efe-abogidi
Myles	Cale	myles-cale
Jaden	Ray	jaden-ray
Brandon	Carroll	brandon-carroll-711
ShanQuan	Hemphill	shanquan-hemphill-6c1
Kenny	Strawbridge	kenny-strawbridge-edf
Zed	Key	zed-key
Darnell	Rogers	darnell-rogers
Josh	Thomas	josh-thomas-712
Marcus	Williams	marcus-williams-f91
Jaylan	Gainey	jaylan-gainey
Francis	Lacis	francis-lacis-fa6
Kenny	Jones	kenny-jones-21e
Trevon	Taylor	trevon-taylor-3fc
Josh	Nickelberry	josh-nickelberry
Jermaine	Couisnard	jermaine-couisnard
Jadyn	Parker	jadyn-parker
Emmanuel	Bandoumel	emmanuel-bandoumel-6e9
Isaiah	Poor Bear-Chandler	isaiah-poor-bear-chandler-876
Le'Tre	Darthard	le-tre-darthard
Austin	Johnson	austin-johnson-7b0
Qudus	Wahab	qudus-wahab-a5e
Paxson	Wojcik	paxson-wojcik-244
Kamaka	Hepa	kamaka-hepa-143
Jemel	Davis	jemel-davis
Elijah	Olaniyi	elijah-olaniyi-320
Jarius	Hicklen	jarius-hicklen
Abou	Ousmane	abou-ousmane
Kam	Farris	kam-farris
Dontay	Bassett	dontay-bassett-d43
Landers	Nolley II	landers-nolley-ii
Tai	Bibbs	tai-bibbs
Rashun	Williams	rashun-williams-d68
Mark	Freeman	mark-freeman-bf5
Parker	Hazen	parker-hazen-610
Mason	Harrell	mason-harrell-bde
Luke	Smith	luke-smith
Keegan	McDowell	keegan-mcdowell
Jared	Bynum	jared-bynum-eed
Christian	Ings	christian-ings-c7d
Hunter	Goodrick	hunter-goodrick-294
Elijah	Gonzales	elijah-gonzales-987
Andre	Snoddy	andre-snoddy
Cheikh Mbacke	Diong	cheikh-mbacke-diong-c12
Quinn	Blair	quinn-blair
Dallas	Walton	dallas-walton
A.J.	Reeves	a-j-reeves
Fousseyni	Drame	fousseyni-drame-d78
Camryn	Weston	camryn-weston
Frankie	Fidler	frankie-fidler
Jordan	O'Neal	jordan-o-neal
Deandre	Dishman	deandre-dishman-2c7
Paul	Mulcahy	paul-mulcahy-9f4
Sam	Waardenburg	sam-waardenburg-4e8
Kadin	Shedrick	kadin-shedrick-45c
Malik	Edmead	malik-edmead
Emoni	Bates	emoni-bates
Mervin	James	mervin-james-b48
Keith	McGee	keith-mcgee-e63
Nelson	Phillips	nelson-phillips-0fd
Duke	Miles	duke-miles
Sion	James	sion-james
Ryan	Young	ryan-young-7e3
Jaeden	Zackery	jaeden-zackery
Samkelo	Cele	samkelo-cele
John	Fulkerson	john-fulkerson-02b
Dalton	Knecht	dalton-knecht
Arthur	Kaluma	arthur-kaluma
Simeon	Kirkland	simeon-kirkland
Jordan	Lathon	jordan-lathon
Isaiah	Range	isaiah-range
Jamir	Chaplin	jamir-chaplin
Allin	Blunt	allin-blunt-26d
Curt	Lewis	curt-lewis
DJ	Jones	dj-jones-07b
DeShaun	Wade	deshaun-wade
Shon	Robinson	shon-robinson-648
Trae	Berhow	trae-berhow
Jade'	Smith	jade-smith-fc1
Mardrez	McBride	mardrez-mcbride
Ahmil	Flowers	ahmil-flowers
Tyrese	Samuel	tyrese-samuel-f8d
Josiah-Jordan	James	josiah-jordan-james
Jadon	Jones	jadon-jones
Xavier	Bell	xavier-bell
Manny	Littles	manny-littles
Thomas	Howell	thomas-howell
Demond	Robinson	demond-robinson
Onyi	Eyisi	onyi-eyisi-942
Joel	Soriano	joel-soriano
Nick	Hopkins	nick-hopkins-749
Courtney	Ramey	courtney-ramey
Mike	Marsh	mike-marsh
Kenan	Blackshear	kenan-blackshear-661
Dominic	Brewton	dominic-brewton-372
Corey	Perkins	corey-perkins
David	Shriver	david-shriver
Jordan	Henderson	jordan-henderson
Bernie	Andre	bernie-andre
Aly	Khalifa	aly-khalifa
Sam	Iorio	sam-iorio
Elijah	Buchanan	elijah-buchanan
Chinedu	Kingsley Okanu	chinedu-kingsley-okanu-979
Michael	Carter III	michael-carter-iii
Both	Gach	both-gach
Valdir	Manuel	valdir-manuel
Eric	Boone	eric-boone
Josiah	Jeffers	josiah-jeffers
Tray	Maddox Jr.	tray-maddox-jr-
Dalen	Terry	dalen-terry
Tyson	Degenhart	tyson-degenhart
Jared	Chatham	jared-chatham-1e7
Caleb	McConnell	caleb-mcconnell-893
Xavier	DuSell	xavier-dusell
Trevor	Anderson	trevor-anderson-2c5
Michael	Almonacy	michael-almonacy-1f9
Aaron	Wheeler	aaron-wheeler
Josh	Roberts	josh-roberts-d89
Darius	Banks	darius-banks-401
Antwan	Walker	antwan-walker
Sean	Bairstow	sean-bairstow-86c
Johnathan	McGriff	johnathan-mcgriff
Keith	Fisher III	keith-fisher-iii
Cam	Copeland	cam-copeland-74f
Emmanuel	Little	emmanuel-little
Bryan	Trimble Jr.	bryan-trimble-jr-
Jase	Townsend	jase-townsend-67f
Marcus	McClary	marcus-mcclary-599
D.J.	Wilkins	d-j-wilkins
Lester	Quinones	lester-quinones-39a
Everette	Hammond	everette-hammond-806
Issac	McBride	issac-mcbride
Kevin	Miller	kevin-miller
Maceo	Jack	maceo-jack-63a
Zach	Freemantle	zach-freemantle
David	Skogman	david-skogman-a2d
Jamal	Bey	jamal-bey
Jalen	Thomas	jalen-thomas-041
Amanze	Ngumezi	amanze-ngumezi
Caleb	Catto	caleb-catto
Elijah	Harkless	elijah-harkless-7c9
Justin	McCall	justin-mccall
Luke	Frampton	luke-frampton-354
Alex	Arians	alex-arians-6c7
Malik	Martin	malik-martin
Tristan	Ikpe	tristan-ikpe
Daejon	Davis	daejon-davis-27a
Trevon	Reddish-Rhone	trevon-reddish-rhone
Keller	Boothby	keller-boothby
Dean	Noll	dean-noll
Marreon	Jackson	marreon-jackson-d64
Aher	Uguak	aher-uguak
Javon	Levi	javon-levi-4a7
Kamar	Robertson	kamar-robertson-47c
Adonis	Arms	adonis-arms-40e
Shelby	Adams	shelby-adams-c3c
Trey	Pulliam	trey-pulliam
Anthony	Selden	anthony-selden-f7d
Dawson	Garcia	dawson-garcia
Josh	Minott	josh-minott
Michael	Henn	michael-henn
Tyrell	Roberts	tyrell-roberts
Collin	Holloway	collin-holloway
Blaze	Nield	blaze-nield
L.J.	Owens	l-j-owens-dfb
Dalvin	White	dalvin-white-c3e
Noah	Thomasson	noah-thomasson-fde
Javonte	Johnson	javonte-johnson
Stephane	Ingo	stephane-ingo
Aaron	Thompson	aaron-thompson
Courtney	Carter	courtney-carter
Finn	Sullivan	finn-sullivan-f2a
Isaiah	Mucius	isaiah-mucius-d5c
Mitchell	Sueker	mitchell-sueker
Emeka	Udenyi	emeka-udenyi
Marten	Linssen	marten-linssen
Jalen	Speer	jalen-speer
Rubin	Jones	rubin-jones
Joey	Hauser	joey-hauser
Tyson	Jackson	tyson-jackson-a36
Kur	Kuath	kur-kuath-a72
Mika	Adams-Woods	mika-adams-woods
Joe	Hampton	joe-hampton
Nathan	Cayo	nathan-cayo-a99
Colin	Smalls	colin-smalls
Jay	Heath	jay-heath-a7b
Trey	Boston	trey-boston
P.J.	Horne	p-j-horne
Eric	Williams Jr.	eric-williams-jr-
La'Mel	Robinson	la-mel-robinson
Cam	Bryant	cam-bryant
Jay	Allen-Tovar	jay-allen-tovar
Jordan	Davis	jordan-davis-138
Justin	Faison	justin-faison
Craig	Porter Jr.	craig-porter-jr-
Nolan	Taylor	nolan-taylor
Nick	Jourdain	nick-jourdain
Bobby	Planutis	bobby-planutis-93a
Gabe	Kalscheur	gabe-kalscheur-ddf
Colin	Golson Jr.	colin-golson-jr-
John	Tonje	john-tonje
Steven	Crowl	steven-crowl
Leo	O'Boyle	leo-o-boyle-4fa
Nahiem	Alleyne	nahiem-alleyne
Jeremiah	Oden	jeremiah-oden
Jomaru	Brown	jomaru-brown-566
Terrell	Williams	terrell-williams-4f9
Damian	Chong Qui	damian-chong-qui-9ca
Caleb	Nero	caleb-nero-49a
Jordan	Roberts	jordan-roberts
Marcus	Foster	marcus-foster-a90
Bas	Leyte	bas-leyte-70e
Ajay	Mitchell	ajay-mitchell
Jake	Heidbreder	jake-heidbreder
A.J.	Griffin	a-j-griffin
Justin	Minaya	justin-minaya-f22
Cameron	Healy	cameron-healy-47e
Dominique	Alexander	dominique-alexander
Sam	Hofman	sam-hofman-027
Jamari	Wheeler	jamari-wheeler-fb7
Marcus	Bagley	marcus-bagley-49f
Dedric	Boyd	dedric-boyd-69c
Ebby	Asamoah	ebby-asamoah-f94
Isaiah	Hill	isaiah-hill-f41
Efton	Reid	efton-reid
Tyler	Nelson	tyler-nelson
Chuck	Harris	chuck-harris
Ezekiel	Alley	ezekiel-alley
Tim	Fuller	tim-fuller-5c4
DaJuan	Gordon	dajuan-gordon-588
Blake	Harris	blake-harris
Devonaire	Doutrive	devonaire-doutrive-176
Marquise	Kennedy	marquise-kennedy
Oumar	Ballo	oumar-ballo-9f3
Kenny	White Jr.	kenny-white-jr-
Xavier	Johnson	xavier-johnson-1c7
Camren	Pierce	camren-pierce
Erik	Reynolds II	erik-reynolds-ii
Brycen	Long	brycen-long
Wesley	Cardet Jr.	wesley-cardet-jr-
Tyon	Grant-Foster	tyon-grant-foster
Juwan	Gary	juwan-gary-94d
Garrick	Green	garrick-green
KJ	Jenkins	kj-jenkins
Allen	Powell	allen-powell-224
Tristan	da Silva	tristan-da-silva
Kale	Catchings	kale-catchings-da9
Deonte	Billups	deonte-billups-056
Charles	Bediako	charles-bediako
Quincy	Guerrier	quincy-guerrier-a7c
Tyreese	Davis	tyreese-davis
Ja'Monta	Black	ja-monta-black-a45
Brandon	Slater	brandon-slater-1b5
Keli	Leaupepe	keli-leaupepe-f8d
CJ	Fulton	cj-fulton
Ajiri	Ogemuno-Johnson	ajiri-ogemuno-johnson-020
Dante	Maddox Jr.	dante-maddox-jr-
Jemarl	Baker	jemarl-baker-bc8
Tsotne	Tsartsidze	tsotne-tsartsidze
Noah	Baumann	noah-baumann-161
DJ	Burns	dj-burns
Bryce	Daley	bryce-daley-4a0
Matthue	Cotton	matthue-cotton-196
Drew	LaMont	drew-lamont
Steven	Ashworth	steven-ashworth
Rudy	Fitzgibbons III	rudy-fitzgibbons-iii
Dana	Tate	dana-tate-bcb
Cameron	Steele	cameron-steele
Andre	Gordon	andre-gordon
De'Lazarus	Keys	de-lazarus-keys
Rollie	Worster	rollie-worster
Darius	George	darius-george-385
Damari	Monsanto	damari-monsanto
Caleb	Fields	caleb-fields-688
Bryant	Randleman	bryant-randleman-c0e
Darien	Jackson	darien-jackson-a9f
Trey	Diggs	trey-diggs
Joey	St. Pierre	joey-st-pierre-365
Edward	Oliver-Hampton	edward-oliver-hampton-46e
Justin	Brown	justin-brown-8a5
Tanner	Christensen	tanner-christensen
Chris	Nix	chris-nix
Raheem	Solomon	raheem-solomon-e19
Jordan	Johnson	jordan-johnson-c62
Keith	Higgins Jr.	keith-higgins-jr-
Alex	Timmerman	alex-timmerman-29d
Raheim	Sullivan	raheim-sullivan
Claudell	Harris Jr.	claudell-harris-jr-
Chris	Knight	chris-knight-2d7
Joe	Kasperzyk	joe-kasperzyk-61c
Amari	Davis	amari-davis-1bd
Jeremy	Roach	jeremy-roach
Quinn	Slazinski	quinn-slazinski-679
Demarkus	Lampley	demarkus-lampley-378
Jonathan	Komagum	jonathan-komagum
Greg	Jones	greg-jones
Gideon	George	gideon-george
Warren	Williams	warren-williams-b86
Brandon	Whitney	brandon-whitney
Dalton	Bolon	dalton-bolon
Ricky	Nelson	ricky-nelson
Jaemyn	Brakefield	jaemyn-brakefield
Caleb	Daniels	caleb-daniels
T.J.	Weeks	t-j-weeks-94f
Josh	Pierre-Louis	josh-pierre-louis-664
Kelton	Talford	kelton-talford
Tyler	Witz	tyler-witz
James	Karnik	james-karnik-83d
Zach	Scott	zach-scott-05c
Isaiah	Burke	isaiah-burke-955
Vladislav	Goldin	vladislav-goldin
Eric	Parrish	eric-parrish-939
DQ	Nicholas	dq-nicholas-d69
Trent	Stephney	trent-stephney-ec8
Bryce	Golden	bryce-golden-bac
Paris	Austin	paris-austin-3d0
Kyle	Rode	kyle-rode
Ronnie	DeGray III	ronnie-degray-iii
Prentiss	Hubb	prentiss-hubb-d32
Jaron	Pierre Jr.	jaron-pierre-jr-
Latrell	Jones	latrell-jones
Brendan	Adams	brendan-adams
Coban	Porter	coban-porter
Kaodirichi	Akobundu-Ehiogu	kaodirichi-akobundu-ehiogu
Trey	Phipps	trey-phipps
Harrison	Henderson	harrison-henderson
Cameron	Brown	cameron-brown-bd8
Kayo	Goncalves	kayo-goncalves-0bb
Remy	Martin	remy-martin
Kamari	McGee	kamari-mcgee
Damani	McEntire	damani-mcentire
Bryce	Workman	bryce-workman
Drew	Friberg	drew-friberg-e7e
Luke	Avdalovic	luke-avdalovic
Eddy	Kayouloud	eddy-kayouloud
Joey	Calcaterra	joey-calcaterra
Ian	Burke	ian-burke
Jordan	Jones	jordan-jones-88c
Ryan	Schwieger	ryan-schwieger-32b
Myreon	Jones	myreon-jones-64b
Ivan	Alipiev	ivan-alipiev
KeShawn	Curry	keshawn-curry-b4c
Charlie	Peterson	charlie-peterson
Calvin	Wishart	calvin-wishart-047
Will	McNair Jr.	will-mcnair-jr-
Aaron	Duhart	aaron-duhart-870
Taylor	Currie	taylor-currie
Hunter	Woods	hunter-woods
Bo	Hodges	bo-hodges-0f5
Chris	Mullins	chris-mullins-de9
Jhamir	Brickus	jhamir-brickus
Tavin	Lovan	tavin-lovan
Collin	Smith	collin-smith
Nick	Ferrarini	nick-ferrarini
Brendan	McGuire	brendan-mcguire-a01
Fred	Thatch Jr.	fred-thatch-jr-
Prince	Toyambi	prince-toyambi-1d3
Samari	Curtis	samari-curtis-ca5
Kailex	Stephens	kailex-stephens
Matt	Faw	matt-faw-c63
Darrius	Hughes	darrius-hughes-a26
Ian	Krishnan	ian-krishnan-d6f
DeAndre	Pinckney	deandre-pinckney
Quentin	Millora-Brown	quentin-millora-brown
Ike	Obiagu	ike-obiagu-383
Brayon	Freeman	brayon-freeman
William	Dunn	william-dunn
Jaylen	Fornes	jaylen-fornes-b08
Jayden	Nunn	jayden-nunn
Frankie	Policelli	frankie-policelli-208
Darion	Spottsville	darion-spottsville-3f6
Sam	Mennenga	sam-mennenga
Teafale	Lenard	teafale-lenard
Dejuan	Clayton	dejuan-clayton
Donovan	Newby	donovan-newby
Sarju	Patel	sarju-patel
T.J.	Bamba	t-j-bamba
Malcolm	Bailey	malcolm-bailey-ae3
Jordan	Bohannon	jordan-bohannon-ef3
RayQuan	Evans	rayquan-evans-b68
Kyle	Rose	kyle-rose-7e4
Ramean	Hinton	ramean-hinton
Kenny	Cooper	kenny-cooper-c24
Alex	Lomax	alex-lomax-f10
Kobe	Dickson	kobe-dickson
Payton	Youngblood	payton-youngblood
Chris	Sodom	chris-sodom-4f3
Tyson	Walker	tyson-walker
Kevin	Kangu	kevin-kangu
Connor	Nelson	connor-nelson
Simeon	Fryer	simeon-fryer
Nick	Johnson	nick-johnson-bae
Javon	Pickett	javon-pickett-f8b
Pierre	Crockrell II	pierre-crockrell-ii
Gabe	Stefanini	gabe-stefanini
Antwuan	Butler	antwuan-butler
Tyler	Harris	tyler-harris-6a4
Luke	Appel	luke-appel
Mouhamed	Gueye	mouhamed-gueye
Garrison	Wade	garrison-wade
Hidde	Roessink	hidde-roessink-6c4
Keith	Haymon	keith-haymon
Jacob	Rigoni	jacob-rigoni-08c
Collin	Warren	collin-warren
Benjamin	Griscti	benjamin-griscti
Nike	Sibande	nike-sibande
Nick	Honor	nick-honor
Doug	Edert	doug-edert-5c9
Torrence	Watson	torrence-watson
Aidan	Carpenter	aidan-carpenter
Sherif	Kenney	sherif-kenney-366
Moussa	Cisse	moussa-cisse
RayQuawndis	Mitchell	rayquawndis-mitchell-c81
Cormac	Ryan	cormac-ryan
Justin	Forrest	justin-forrest
Adam	Miller	adam-miller
Tommy	Bruner	tommy-bruner
A.J.	Hoggard	a-j-hoggard
Everett	Winchester	everett-winchester
Mack	Smith	mack-smith-494
Cam	Shelton	cam-shelton
PJ	Henry	pj-henry-c5f
Patrick	Harding	patrick-harding
Tymu	Chenery	tymu-chenery
Trey	McGowens	trey-mcgowens-b5e
Myles	Stute	myles-stute
Jeff	Woodward	jeff-woodward
Hassan	Drame	hassan-drame
Shakem	Johnson	shakem-johnson-fcd
Quinton	Morton-Robertson	quinton-morton-robertson
Selton	Miguel	selton-miguel
Terrence	Hargrove Jr.	terrence-hargrove-jr-
Ludovic	Dufeal	ludovic-dufeal-a65
Sherwyn	Devonish	sherwyn-devonish
Mate	Colina	mate-colina-1d3
Tydus	Verhoeven	tydus-verhoeven
Idan	Tretout	idan-tretout
Justin	Kier	justin-kier-4e3
Ryan	Burkhardt	ryan-burkhardt-3fd
Reggie	Miller	reggie-miller-cbe
Clark	Slajchert	clark-slajchert
Dame	Adelekun	dame-adelekun
Ben	Burnham	ben-burnham
Gary	Grant	gary-grant-5c1
DJ	Mitchell	dj-mitchell
Taurus	Samuels	taurus-samuels-fcd
Oliver	Lynch-Daniels	oliver-lynch-daniels
CJ	Fredrick	cj-fredrick-e33
Damion	Squire	damion-squire-fca
Koby	Jeffries	koby-jeffries
RayQuan	Taylor	rayquan-taylor
P.J.	Byrd	p-j-byrd-b7a
Caleb	Green	caleb-green
Bryan	Hart	bryan-hart
John	Newman III	john-newman-iii
Alonzo	Sule	alonzo-sule-9e1
Messiah	Thompson	messiah-thompson
Fahim	Jenneto	fahim-jenneto-a54
Kobe	Langley	kobe-langley-409
Ishmael	Leggett	ishmael-leggett
Trevon	Brazile	trevon-brazile
Larry	Owens	larry-owens-5f1
Tremont	Robinson-White	tremont-robinson-white-443
Yaw	Obeng-Mensah	yaw-obeng-mensah
Wade	Taylor IV	wade-taylor-iv
Darrious	Agnew	darrious-agnew
Deontaye	Buskey	deontaye-buskey-898
Jesus	Cruz	jesus-cruz
Andrew	Platek	andrew-platek
Zion	Williams	zion-williams
Broc	Finstuen	broc-finstuen-315
Cody	Riley	cody-riley-017
Bryce	Thompson	bryce-thompson-591
Jahlil	White	jahlil-white
Justin	Hohn	justin-hohn-338
Victor	Ohia Obioha	victor-ohia-obioha
Joe	Petrakis	joe-petrakis-b8d
Jorell	Saterfield	jorell-saterfield
Pedro	Castro	pedro-castro-48e
David	Bohm	david-bohm
Jamon	Battle	jamon-battle
Marco	Smith	marco-smith-ec2
Alex	Watson	alex-watson-8ab
Keshad	Johnson	keshad-johnson-b02
Max	Agbonkpolo	max-agbonkpolo
Josh	Smith	josh-smith-d3c
Devin	Carter	devin-carter-301
Japannah	Kellogg III	japannah-kellogg-iii
Luis	Rodriguez	luis-rodriguez
Giovanni	Santiago	giovanni-santiago
Matt	Johnson	matt-johnson-99e
Daniel	Deaver	daniel-deaver
Touko	Tainamo	touko-tainamo
Tyler	Bertram	tyler-bertram-c25
Jordan	Sears	jordan-sears
Demarius	Jacobs	demarius-jacobs
Kaleb	Higgins	kaleb-higgins
Marlon	Ruffin	marlon-ruffin-a5d
Jamir	Watkins	jamir-watkins
Filip	Rebraca	filip-rebraca
Kevon	Voyles	kevon-voyles-31d
Martez	Robinson	martez-robinson
Honor	Huff	honor-huff
Taje'	Kelly	taje-kelly
Richard	Harward	richard-harward-ff0
Malik	Curry	malik-curry-dbe
Charlie	Easley	charlie-easley-b1e
Eddie	Turner III	eddie-turner-iii
Austin	Smellie	austin-smellie
Robert	Allen	robert-allen
Jacob	Tryon	jacob-tryon-197
Dan	Friday	dan-friday-b3f
Micheal	Anumba	micheal-anumba-517
Gavin	Baxter	gavin-baxter
Claude	McKesey	claude-mckesey-021
Terrence	Edwards	terrence-edwards
Hason	Ward	hason-ward-940
Matt	Norman	matt-norman
Noah	Frederking	noah-frederking-609
Coleman	Hawkins	coleman-hawkins
Kashawn	Charles	kashawn-charles
B. Artis	White	b-artis-white-401
Golden	Dike	golden-dike
Evan	Kuhlman	evan-kuhlman-f14
Michael	Ertel	michael-ertel-e53
Harrison	Butler	harrison-butler-5e3
Lincoln	Smith	lincoln-smith
Tyler	Harris	tyler-harris-5ad
Paul	Bizimana	paul-bizimana
Jelani	Williams	jelani-williams-683
Jackie	Johnson III	jackie-johnson-iii
Diante	Smith	diante-smith-c47
Myles	Johnson	myles-johnson-7a5
Brock	Miller	brock-miller-486
Justin	Winston	justin-winston-bea
Noah	Locke	noah-locke-548
Cameron	Carmical	cameron-carmical
Tyler	Maye	tyler-maye
Kyle	Bowen	kyle-bowen-322
Jayden	Taylor	jayden-taylor
Dou	Gueye	dou-gueye
Nick	Blake	nick-blake
Dischon	Thomas	dischon-thomas
Markedric	Bell	markedric-bell-768
Victor	Rosa	victor-rosa
Jalen	Graham	jalen-graham
DeWayne	Cox	dewayne-cox-58d
Christian	Ray	christian-ray-00a
Daniel	Sackey	daniel-sackey-bee
Cedric	Garrett	cedric-garrett
David	Beatty	david-beatty-141
Jaylen	Minnett	jaylen-minnett
Danya	Kingsby	danya-kingsby
Adam	Kunkel	adam-kunkel
Ja'Heim	Hudson	ja-heim-hudson
Greg	Lee	greg-lee
Larry	Moreno	larry-moreno-9e4
Braelon	Bush	braelon-bush
Chance	Hunter	chance-hunter
Will	Soucie	will-soucie
Robert	Braswell	robert-braswell-fd0
Trazarien	White	trazarien-white
CJ	White	cj-white-cd3
Johnny	McCoy	johnny-mccoy
Mason	Gillis	mason-gillis-008
Tyrese	Jenkins	tyrese-jenkins-7a2
Michael	O'Connell	michael-o-connell
Alvin	Tumblin	alvin-tumblin
Julian	Lewis	julian-lewis
Carlos	Paez	carlos-paez
Brian	Taylor	brian-taylor
Chika	Nduka	chika-nduka
Keondre	Montgomery	keondre-montgomery
Kameron	Langley	kameron-langley-74f
Ayinde	Hikim	ayinde-hikim
Julian	Larry	julian-larry
Yuri	Covington	yuri-covington
Jalen	Warren	jalen-warren-27b
Zach	Nutall	zach-nutall-908
Zion	Tordoff	zion-tordoff
Shemar	Rathan-Mayes	shemar-rathan-mayes
Louis	Lesmond	louis-lesmond
Brandon	Johnson	brandon-johnson-554
Nic	Lynch	nic-lynch
Keyshawn	Bryant	keyshawn-bryant-7af
Kyle	Luedtke	kyle-luedtke-edb
Jovan	Stulic	jovan-stulic
Jared	Billups	jared-billups
Robbie	Beran	robbie-beran-da2
Scott	Hitchon	scott-hitchon
Jamir	Moultrie	jamir-moultrie
Jordan	McCabe	jordan-mccabe
Sean	Miller-Moore	sean-miller-moore-25a
Bryce	Johnson	bryce-johnson-8bd
Zakai	Zeigler	zakai-zeigler
Tibet	Gorener	tibet-gorener
Kaleb	Hunter	kaleb-hunter-b6e
Dajour	Dickens	dajour-dickens
Jeremiah	Gambrell	jeremiah-gambrell
Nique	Clifford	nique-clifford
Nana	Akenten	nana-akenten
RJ	Eytle-Rock	rj-eytle-rock
Dre	Davis	dre-davis
Tye	Fagan	tye-fagan
KJ	Johnson	kj-johnson-365
Cade	Meyer	cade-meyer
Christian	Brown	christian-brown
Jermaine	Hamlin	jermaine-hamlin
Dan	Fotu	dan-fotu
Myles	Smith	myles-smith
James	Baker	james-baker-533
Dailin	Smith	dailin-smith
Dawson	Baker	dawson-baker
Latrell	Jossell	latrell-jossell
Rodney	Howard	rodney-howard-ebc
Jaylen	Walker	jaylen-walker-164
Wilfried	Likayi	wilfried-likayi
Juwan	Gray	juwan-gray-b07
Roscoe	Eastmond	roscoe-eastmond-557
Casey	Morsell	casey-morsell-eb9
Noah	Gurley	noah-gurley-36f
Fah'Mir	Ali	fah-mir-ali
Justin	Mazzulla	justin-mazzulla-cf3
Chris	Lykes	chris-lykes
Emmanuel	Adedoyin	emmanuel-adedoyin
Tyrel	Bladen	tyrel-bladen
Marco	Foster	marco-foster
Pelle	Larsson	pelle-larsson
Rodolfo	Rufino Bolis	rodolfo-rufino-bolis
Miles	Brown	miles-brown
Trey	Smith	trey-smith-b19
Blake	Preston	blake-preston
Jarrod	West	jarrod-west
Dylan	Disu	dylan-disu-d5a
Ethan	Claycomb	ethan-claycomb
Joe	Toussaint	joe-toussaint-912
Howard	Fleming Jr.	howard-fleming-jr-
Damian	Forrest	damian-forrest
Alex	Anderson	alex-anderson
Anwar	Gill	anwar-gill
Storm	Murphy	storm-murphy
Andrej	Jakimovski	andrej-jakimovski
Greg	Calixte	greg-calixte-7dd
Jonas	Harper	jonas-harper
Earl	Timberlake	earl-timberlake
Tyler	Rice	tyler-rice
Julien	Wooden	julien-wooden
Ezekiel	Richards	ezekiel-richards-308
Gedi	Juozapaitis	gedi-juozapaitis-020
Samba	Diallo	samba-diallo
Anthony	Crump	anthony-crump
Russhard	Cruickshank	russhard-cruickshank-e25
Robinson	Idehen	robinson-idehen-459
James	Lewis Jr.	james-lewis-jr-
Isaiah	Kelly	isaiah-kelly-ad1
Caleb	Lohner	caleb-lohner
Yavuz	Gultekin	yavuz-gultekin-62b
Gabe	Osabuohien	gabe-osabuohien-386
Prince	Moss	prince-moss
Deshon	Proctor	deshon-proctor
Nicolas	Elame	nicolas-elame-151
Jalen	Jackson	jalen-jackson-063
Jarius	Cook	jarius-cook
Marques	Wilson	marques-wilson
Chucky	Hepburn	chucky-hepburn
Brandon	Angel	brandon-angel
Brayden	Parker	brayden-parker
Eddie	Lampkin	eddie-lampkin
Darius	Miles	darius-miles
Cameron	Matthews	cameron-matthews
Shawn	Stith	shawn-stith-d6e
Greg	Kuakumensah	greg-kuakumensah
Jalin	Anderson	jalin-anderson
Josh	Aldrich	josh-aldrich-82e
T.J.	Moss	t-j-moss-26a
Alex	Capitano	alex-capitano
Jalen	Terry	jalen-terry-463
Davion	Mintz	davion-mintz
Kyle	Colvin	kyle-colvin-6b8
Omer	Croskey	omer-croskey
Khalid	Moore	khalid-moore
Kalib	Boone	kalib-boone
Mo	Njie	mo-njie
Yor	Anei	yor-anei-2c7
JaCobi	Wood	jacobi-wood
David	Jenkins Jr.	david-jenkins-jr-
Cantavio	Dutreil	cantavio-dutreil-126
Seneca	Knight	seneca-knight-5ed
Kobe	Stewart	kobe-stewart
Tafari	Simms	tafari-simms
Javion	May	javion-may
Jonathan	Aybar	jonathan-aybar
Aljaz	Kunc	aljaz-kunc-d3c
DJ	Davis	dj-davis
AJ	Braun	aj-braun
Kellen	Amos	kellen-amos
Kalib	Clinton	kalib-clinton
Austin	McCullough	austin-mccullough-2a8
Berrick	JeanLouis	berrick-jeanlouis-576
Mysta	Goodloe	mysta-goodloe-6c1
Jaedon	LeDee	jaedon-ledee-f43
Jordan	Campbell	jordan-campbell-d93
Ryan	Cornish	ryan-cornish
Jason	Whitens	jason-whitens-30c
Caleb	Grill	caleb-grill-651
Tyrese	Williams	tyrese-williams-a4d
William	FitzPatrick	william-fitzpatrick
Lamar	Wright	lamar-wright
Rahsaan	Edwards	rahsaan-edwards-61b
DeAngelo	Epps	deangelo-epps-bb4
Samir	Stewart	samir-stewart-757
Nikc	Jackson	nikc-jackson
Elijah	Lufile	elijah-lufile-441
Desmond	Williams	desmond-williams-79b
Jake	van der Heijden	jake-van-der-heijden
Tyler	Patterson	tyler-patterson
Jemeil	King	jemeil-king
Cameron	Tucker	cameron-tucker-e39
Andrew	Morgan	andrew-morgan
Daniel	Ramsey	daniel-ramsey-e46
Wayne	McKinney III	wayne-mckinney-iii
Julian	Reese	julian-reese
Jalen	Windham	jalen-windham
Kentrell	Garnett	kentrell-garnett
Jonah	Charles	jonah-charles
Darnell	Brodie	darnell-brodie
Tomas	Murphy	tomas-murphy
Ishmael	El-Amin	ishmael-el-amin-297
Isaiah	Coleman-Lands	isaiah-coleman-lands
Nazir	Williams	nazir-williams
Brent	Davis	brent-davis-ca7
Filip	Skobalj	filip-skobalj
Zac	Watson	zac-watson-bed
Brian	White	brian-white
Tayler	Mattos	tayler-mattos
Zach	Harvey	zach-harvey-42b
Elijah	Parquet	elijah-parquet
George	Conditt IV	george-conditt-iv
Cahiem	Brown	cahiem-brown
Tyler	Polley	tyler-polley
PJ	Fuller	pj-fuller-bc8
Cam	Hayes	cam-hayes
Greg	Tribble	greg-tribble-bc0
Dravon	Mangum	dravon-mangum
Eric	Lovett	eric-lovett
Damien	Daniels	damien-daniels
Rey	Idowu	rey-idowu-76e
Joel	Brown	joel-brown-fb7
Stephan	Swenson	stephan-swenson
Kamron	Reaves	kamron-reaves
Will	Amica	will-amica
Jaron	Williams	jaron-williams
Ethan	Igbanugo	ethan-igbanugo-15e
Seth	Pinkney	seth-pinkney-1db
Justin	Neely	justin-neely
Lucas	Stieber	lucas-stieber-f3c
Mike	Saunders	mike-saunders
Brandon	McKissic	brandon-mckissic
Tray	Jackson	tray-jackson-d55
Deandre	Thomas	deandre-thomas-c92
Jaylin	Jackson-Posey	jaylin-jackson-posey
Michael	Diggins	michael-diggins
Matt	Cross	matt-cross
Javohn	Garcia	javohn-garcia
Antonio	Rizzuto	antonio-rizzuto-25a
Greg	Dolan	greg-dolan-92c
Andrew	Garcia	andrew-garcia-d81
Kaden	Archie	kaden-archie-a55
Greg	Elliott	greg-elliott-355
Chandler	Turner	chandler-turner
Shaquan	Jules	shaquan-jules
J.J.	Miles	j-j-miles
Kasparas	Jonauskas	kasparas-jonauskas
Titus	Wright	titus-wright
Cade	Haskins	cade-haskins
C.J.	Wilcher	c-j-wilcher
Christian	Bishop	christian-bishop
Connor	Withers	connor-withers-673
BJ	Simmons	bj-simmons-598
KJ	Simpson	kj-simpson-90b
Da'Monte	Williams	da-monte-williams
Allen	Flanigan	allen-flanigan
Demarcus	Sharp	demarcus-sharp
Brandon	Stroud	brandon-stroud
Nicholas	Boyd	nicholas-boyd
Carlos	Jurgens	carlos-jurgens-2c2
Richard	Njoku	richard-njoku-79a
Chandler	Jacobs	chandler-jacobs
Derrick	Carter-Hollinger	derrick-carter-hollinger-44f
Levi	Stockard III	levi-stockard-iii
Josh	Leblanc Sr.	josh-leblanc-sr-
George	Dixon	george-dixon-32d
Oso	Ighodaro	oso-ighodaro
Jair	Bolden	jair-bolden-792
LeChaun	DuHart	lechaun-duhart
Ty	Berry	ty-berry
Josh	Uduje	josh-uduje
Chris	Brandon	chris-brandon-be8
Mahamadou	Diawara	mahamadou-diawara
Kyle	Sturdivant	kyle-sturdivant
Terence	Lewis II	terence-lewis-ii
Drew	Buggs	drew-buggs-af0
Keyshaun	Langley	keyshaun-langley
Cooper	Kaifes	cooper-kaifes-f63
Sean	Sutherlin	sean-sutherlin
Kobe	Elvis	kobe-elvis
Mylyjael	Poteat	mylyjael-poteat
Oddyst	Walker	oddyst-walker-945
Leo	Colimerio	leo-colimerio
Seventh	Woods	seventh-woods-d29
Marcus	Banks	marcus-banks
Henry	Abraham	henry-abraham
Quinton	Johnson II	quinton-johnson-ii
Fidelis	Okereke	fidelis-okereke
Tre	Cobbs	tre-cobbs-068
Ed	Croswell	ed-croswell
Jalen	Harris	jalen-harris-1fb
A.J.	Caldwell	a-j-caldwell-e20
Max	Lorca-Lloyd	max-lorca-lloyd
Isaac	Chatman	isaac-chatman-3e2
Jade	Tse	jade-tse
CJ	Huntley	cj-huntley
Sammy	Friday IV	sammy-friday-iv
Johnell	Davis	johnell-davis
Nigel	Hawkins	nigel-hawkins
Bo	Montgomery	bo-montgomery
DeLonnie	Hunt	delonnie-hunt
Chris	Mann	chris-mann
Nate	Lliteras	nate-lliteras
Ryan	Mutombo	ryan-mutombo
Lu'Cye	Patterson	lu-cye-patterson
Bentiu	Panoam	bentiu-panoam-d07
Jayson	Kent	jayson-kent
Bryson	Etienne	bryson-etienne
Walter	Clayton Jr.	walter-clayton-jr-
Malcolm	Dandridge	malcolm-dandridge
Kameron	Jones	kameron-jones
Darius	Brown II	darius-brown-ii
Kasen	Jennings	kasen-jennings
Steven	Verplancken Jr.	steven-verplancken-jr-
Joseph	Octave	joseph-octave
Jacob	Toppin	jacob-toppin-896
D'Marco	Baucum	d-marco-baucum-542
Luke	Loewe	luke-loewe-561
Milos	Ilic	milos-ilic
Khadim	Sy	khadim-sy
JoVon	McClanahan	jovon-mcclanahan
Guy	Ragland Jr.	guy-ragland-jr-
Elijah	Weaver	elijah-weaver-50c
Christian	Gray	christian-gray-358
Zac	Ervin	zac-ervin
Micah	Peavy	micah-peavy
Nolan	Hickman	nolan-hickman
Emmanuel	Izunabor	emmanuel-izunabor
Greg	Williams Jr.	greg-williams-jr-
Dwon	Odom	dwon-odom
EJ	Williams	ej-williams-322
Mohab	Yasser	mohab-yasser
AJ	Edu	aj-edu-745
Jaylen	Clark	jaylen-clark
Lazar	Stefanovic	lazar-stefanovic
Kevin	Osawe	kevin-osawe
David	McCoy	david-mccoy-0e2
Anquan	Hill	anquan-hill
Javan	Johnson	javan-johnson
Austin	Phyfe	austin-phyfe
Cam	Bacote	cam-bacote
Flo	Thamba	flo-thamba-c06
Damien	Sears	damien-sears-5f6
Patrick	Dorsey	patrick-dorsey
Kim	Aiken Jr.	kim-aiken-jr-
Jovan	Blacksher Jr.	jovan-blacksher-jr-